
INSERT INTO discount (promo_code, size) VALUES
    ('sky', 3000);



INSERT INTO plane (plane_id, num_of_bc_seats, num_of_ec_seats, plane_name) VALUES
 (5, 10, 5, 'boeing 737'),
 (6, 14, 4, 'bombardier global 7500');



INSERT INTO greece (flight_id, departure_p, departure_time, destination_p, destination_time, price_of_bc, price_of_ec, plane_id) VALUES
  (1, 'Москва', '2023-06-29 14:00:00.000000', 'Афины 29 июня 14:00 70000₽', '2023-06-29 18:00:00.000000', 70000, 67000, 5),
  (2, 'Москва', '2023-06-22 14:00:00.000000', 'Афины 22 июня 14:00 80000₽', '2023-06-22 18:00:00.000000', 80000, 77000, 5),
  (3, 'Москва', '2023-07-19 14:00:00.000000', 'Родос 19 июля 14:00 61000₽', '2023-07-19 18:00:00.000000', 61000, 58000, 5),
  (4, 'Москва', '2023-07-01 14:00:00.000000', 'Родос 1 июля 14:00 87000₽', '2023-07-01 18:00:00.000000', 87000, 84000, 5);


INSERT INTO italy (flight_id, departure_p, departure_time, destination_p, destination_time, price_of_bc, price_of_ec, plane_id) VALUES
  (1, 'Москва', '2023-06-25 12:00:00.000000', 'Рим 25 июня 15:00 80000₽', '2023-06-25 15:00:00.000000', 80000, 77000, 6),
  (2, 'Москва', '2023-06-21 12:00:00.000000', 'Рим 21 июня 15:00 80000₽', '2023-06-21 15:00:00.000000', 80000, 77000, 6),
  (3, 'Москва', '2023-07-12 12:00:00.000000', 'Милан 12 июля 15:00 80000₽', '2023-07-12 15:00:00.000000', 750000, 72000, 5),
  (4, 'Москва', '2023-07-18 12:00:00.000000', 'Бари 18 июля 12:00 75000₽', '2023-07-12 15:00:00.000000', 750000, 72000, 5);



INSERT INTO passenger (passenger_id, doc_num, doc_series, lastname, mail, name, phone_number, surname, user_id) VALUES
 (1, '2462', '212328', 'Николаевич', 'vish@mail.ru', 'Евгений', '88005553535', 'Вишнев', 1),
 (9, '2021', '406789', 'Олегович', 'tom@gmail.com', 'Том', '88005553535', 'Сойер', 5),
 (10, '3532', '653225', 'Амбрамович', 'ggar@gmail.ru', 'Гарри', '8906643142', 'Поттер', 6),
 (14, '2022', '212315', 'Николаевич', 'nikolyukin28', 'Виктор', '+79500000000', 'Николюкин', 11);



INSERT INTO spain (flight_id, departure_p, departure_time, destination_p, destination_time, price_of_bc, price_of_ec, plane_id) VALUES
(1, 'Москва', '2023-06-29 16:00:00.000000', 'Мадрид 29 июня 16:00 93000₽', '2023-06-29 23:00:00.000000', 93000, 90000, 5),
(2, 'Москва', '2023-06-29 16:00:00.000000', 'Бильбао 29 июня 16:00 92000₽', '2023-06-29 23:00:00.000000', 92000, 89000, 5),
(3, 'Москва', '2023-07-14 17:00:00.000000', 'Севилья 14 июля 17:00 81000₽', '2023-07-14 20:00:00.000000', 81000, 78000, 5),
(4, 'Москва', '2023-07-24 17:00:00.000000', 'Севилья 24 июля 17:00 87000₽', '2023-07-14 20:00:00.000000', 87000, 84000, 5);



INSERT INTO ticket (ticket_number, business_c, flight_id, price, passenger_id) VALUES
 (10, false, 1, 120000, 1),
 (11, true, 1, 94000, 1),
 (12, false, 3, 80000, 1),
 (13, true, 4, 94000, 10),
 (14, false, 7, 100000, 10);



INSERT INTO usr (user_id, login, password, user_name, user_status) VALUES
 (1, 'vish', '$2a$10$yqgk4mLB.GURhnHphSYlJu9DIuT.loKOYFISscYmeAr1YMLphMqNK', 'vish', true),
 (2, 'loginov', '$2a$10$qx9MnWFVaeVubDww4JokKuyyTKH096ZiaDT2C7FRvB1ZxUSsaelKm', 'loginov', true),
 (3, 'logi', '$2a$10$f8GUmpEwFwD5s92C7ryRmuHMO9r0syR3oHJy.OzwIZ8/tZG9BjbhS', 'logi', true),
 (5, 'PremiumUser', '$2a$10$KS95yVl5l2ePK.OgHe52jupmDGRT97dXvfvd/WjEwJ9i1XF.kWoQS', 'PremiumUser', false),
 (6, 'RegularUser', '$2a$10$LY6zWmrkcsKqPX9Xqn8RFeI9j.ZFYBvf9Hmac/tchgSOG8ZIXfeVy', 'RegularUser', true),
 (10, 'hui', '$2a$10$1BU283he/ix5mY1q9DZcSeojzKPItqPaJpPYEopCJfCn42MSGXcAm', 'hui', true),
 (11, 'nikolyukin28@gmail.com', '$2a$10$9.bRKRh2.O7cZTKOK9ezJeAJC0/Kv33lpEEaYH4uD6I/dQ5UiiWtK', 'nikolyukin28@gmail.com', true),
 (12, 'oleg', '$2a$10$XuCe44HWOPHbp23QSG9KXOAMpFTe1VKzzeMFdZ/MOomoBXV3vKjuG', 'oleg', true),
 (13, 'string', '$2a$10$tXZgx5Kn0jXKqU9dMKW1ge73X3k0g3AlssefPka/W81gZecgUmZMO', 'string', true);



INSERT INTO history_of_orders (order_id, departure_p, departure_time,destination_p, flight_id, price, user_id)
VALUES
    (18, 'Москва', '2023-06-18 16:01:00.000000', 'Агринион 18июня 16:00 49000₽', 33, 49000, 5),
    (21, 'Москва', '2023-06-21 16:18:59.000000', 'Оттава 21июня 15:00 100000₽', 38, 100000, 5),
    (25, 'Москва', '2023-07-06 08:00:00.000000', 'Эдмонтон 6июля 08:00 120000₽', 39, 120000, 5),
    (26, 'Москва', '2023-06-05 16:18:59.000000', 'Оттава 5июня 15:00 90000₽', 37, 90000, 5),
    (27, 'Москва', '2023-06-21 16:18:59.000000', 'Оттава 21июня 15:00 100000₽', 38, 100000, 5),
    (28, 'Москва', '2023-06-18 16:01:00.000000', 'Ванкувер 18июня 16:00 110000₽', 33, 110000, 5),
    (29, 'Москва', '2023-06-09 16:00:00.000000', 'Калгари 9 июня 16:00 94000₽', 34, 94000, 5),
    (30, 'Москва', '2023-06-08 16:00:00.000000', 'Виннепег 8 июня 16:00 80000₽', 36, 80000, 5),
    (31, 'Москва', '2023-06-09 16:00:00.000000', 'Виннепег 9 июня 16:00 85000₽', 35, 85000, 5),
    (32, 'Москва', '2023-07-06 08:00:00.000000', 'Эдмонтон 6июля 08:00 120000₽', 39, 120000, 5),
    (33, 'Москва', '2023-06-21 16:18:59.000000', 'Оттава 21июня 15:00 100000₽', 38, 100000, 5),
    (35, 'Москва', '2023-06-09 16:00:00.000000', 'Калгари 9 июня 16:00 94000₽', 34, 94000, 6),
    (36, 'Москва', '2023-06-21 16:18:59.000000', 'Оттава 21июня 15:00 100000₽', 38, 100000, 6),
    (37, 'Москва', '2023-06-08 16:00:00.000000', 'Виннепег 8 июня 16:00 80000₽', 36, 80000, 1),
    (38, 'Москва', '2023-07-06 08:00:00.000000', 'Эдмонтон 6июля 08:00 120000₽', 39, 120000, 1),
    (39, 'Москва', '2023-06-09 16:00:00.000000', 'Калгари 9 июня 16:00 94000₽', 34, 94000, 1),
    (41, 'Москва', '2023-06-09 16:00:00.000000', 'Калгари 9 июня 16:00 94000₽', 34, 94000, 6),
    (42, 'Москва', '2023-06-08 16:00:00.000000', 'Виннепег 8 июня 16:00 80000₽', 36, 80000, 6),
    (43, 'Москва', '2023-06-09 16:00:00.000000', 'Виннепег 9 июня 16:00 85000₽', 35, 85000, 6),
    (44, 'Москва', '2023-06-05 16:18:59.000000', 'Оттава 5июня 15:00 90000₽', 37, 90000, 6),
    (45, 'Москва', '2023-06-08 16:00:00.000000', 'Виннепег 8 июня 16:00 80000₽', 36, 80000, 5),
    (46, 'Москва', '2023-06-21 16:18:59.000000', 'Оттава 21июня 15:00 100000₽', 38, 100000, 11),
    (47, 'Москва', '2023-07-19 14:00:00.000000', 'Родос 19 июля 14:00 61000₽', 3, 61000, 5);

INSERT INTO flight (flight_id, departure_p, departure_time, destination_p, destination_time, price_of_bc, price_of_ec, plane_id) VALUES
    (33, 'Москва', '2023-06-18 16:01:00.000000', 'Ванкувер 18июня 16:00 110000₽', '2023-06-18 19:18:59.000000', 110000, 99000, 5),
    (34, 'Москва', '2023-06-09 16:00:00.000000', 'Калгари 9 июня 16:00 94000₽', '2023-06-08 18:00:00.000000', 94000, 78000, 5),
    (35, 'Москва', '2023-06-09 16:00:00.000000', 'Виннепег 9 июня 16:00 85000₽', '2023-06-08 18:00:00.000000', 85000, 78000, 5),
    (36, 'Москва', '2023-06-08 16:00:00.000000', 'Виннепег 8 июня 16:00 80000₽', '2023-06-08 18:00:00.000000', 80000, 78000, 5),
    (37, 'Москва', '2023-06-05 16:18:59.000000', 'Оттава 5июня 15:00 90000₽', '2023-06-06 16:18:59.000000', 90000, 79000, 5),
    (38, 'Москва', '2023-06-21 16:18:59.000000', 'Оттава 21июня 15:00 100000₽', '2023-06-22 03:18:59.000000', 100000, 89000, 5),
    (39, 'Москва', '2023-07-06 08:00:00.000000', 'Эдмонтон 6июля 08:00 120000₽', '2023-06-22 03:18:59.000000', 120000, 89000, 5);